notice_id_a,notice_id_b,label,choice1_unigram_raw,choice2_bigram_denoised
N010018,N010020,same,0.3008658008658009,0.23529411764705882
N007876,N008565,different,0.4045261669024045,0.0
N005451,N005452,same,0.4024024024024024,0.2717391304347826
N008464,N010231,different,0.2908496732026144,0.0
N000420,N001104,different,0.4723618090452261,0.15763546798029557
N004781,N005219,different,0.47959183673469385,0.0
N007021,N010547,different,0.47701149425287354,0.0
N004413,N008734,different,0.3257042253521127,0.0189873417721519
N007783,N007784,same,0.38028169014084506,0.24
N001104,N001107,same,0.38497652582159625,0.21830985915492956
N006958,N006959,same,0.524,0.6724137931034483
N003107,N007431,different,0.5326732673267327,0.0
N010497,N011446,different,0.5700389105058365,0.0
N002561,N003545,different,0.3044280442804428,0.0
N004217,N007965,different,0.5553319919517102,0.0
N006099,N006100,same,0.7063655030800822,0.9166666666666666
N009010,N009562,different,0.3546099290780142,0.0
N005332,N005333,same,0.9283154121863799,0.6282051282051282
N008288,N010448,different,0.595,0.0
N002391,N009409,different,0.3576388888888889,0.0
N001001,N007428,different,0.3984375,0.007518796992481203
N002919,N002920,same,0.9784688995215312,0.9834710743801653
N007223,N008301,different,0.44171779141104295,0.0
N005352,N007867,different,0.31597845601436264,0.0
N007893,N007894,same,0.940251572327044,0.9506172839506173
N002670,N007972,different,0.5840867992766727,0.0
N006038,N008642,different,0.3671875,0.0
N004523,N007453,different,0.4279379157427938,0.0
N006491,N010563,different,0.5585585585585585,0.006024096385542169
N002902,N010086,different,0.4472168905950096,0.0049261083743842365
N001013,N003939,different,0.49375,0.009216589861751152
N002612,N004456,different,0.3321917808219178,0.0
N003308,N005945,different,0.30260047281323876,0.0
N002811,N007128,different,0.4748201438848921,0.0
N007478,N011108,different,0.3504,0.0
N001760,N001761,same,0.9833887043189369,0.9583333333333334
N004944,N009237,different,0.3403141361256545,0.025210084033613446
N008261,N008262,same,0.7163265306122449,0.8846153846153846
N003630,N009918,different,0.4134831460674157,0.0
N003948,N008608,different,0.3200663349917081,0.006060606060606061
N008997,N008998,same,0.6396648044692738,0.7608695652173914
N004789,N005917,different,0.5504032258064516,0.0
N003672,N008071,different,0.6416184971098265,0.09782608695652174
N009235,N009236,same,0.508833922261484,0.3728813559322034
N001817,N002597,different,0.5083798882681564,0.006329113924050633
N000985,N000986,same,0.29540481400437635,0.22772277227722773
N000993,N010660,different,0.4539614561027837,0.0
N003269,N010318,different,0.512720156555773,0.0
N011750,N011966,different,0.5158562367864693,0.0
N010357,N010360,same,0.9957805907172996,0.9411764705882353
N001163,N001165,same,0.9906103286384976,0.9411764705882353
N011255,N011732,different,0.5119825708061002,0.006134969325153374
N007191,N011803,different,0.2950257289879931,0.040983606557377046
N003422,N008330,different,0.3327974276527331,0.0055248618784530384
N004762,N011915,different,0.5566600397614314,0.0
N006325,N006326,same,0.9460916442048517,0.5517241379310345
N003658,N003661,same,0.9634551495016611,0.9508196721311475
N010135,N010136,same,0.9940652818991098,0.9777777777777777
N003079,N011928,different,0.5425531914893617,0.0
N000268,N009659,different,0.6313253012048192,0.20930232558139536
N001173,N001174,same,0.6997578692493946,0.8208955223880597
N004065,N007546,different,0.5333333333333333,0.0
N000702,N007932,different,0.3095623987034036,0.0
N009387,N009517,different,0.4793388429752066,0.0
N000358,N007166,different,0.44541484716157204,0.012987012987012988
N007841,N011872,different,0.3245192307692308,0.006535947712418301
N000576,N000577,same,0.2710084033613445,0.28
N003372,N008041,different,0.47105788423153694,0.0
N006470,N009323,different,0.5308411214953271,0.006802721088435374
N001685,N001686,same,0.7215189873417721,0.8823529411764706
N002358,N005690,different,0.5084388185654009,0.13306451612903225
N002216,N002218,same,0.9626168224299065,0.4846153846153846
N003837,N007101,different,0.522202486678508,0.005847953216374269
N008995,N010419,different,0.4583333333333333,0.12340425531914893
N001394,N003813,different,0.3085339168490153,0.0
N003816,N009648,different,0.5708154506437768,0.0
N000883,N003126,different,0.3088803088803089,0.0
N010748,N011807,different,0.5079365079365079,0.0
N006050,N007874,different,0.3704268292682927,0.0
N011687,N011688,same,0.9934640522875817,0.9577464788732394
N000036,N011140,different,0.41348973607038125,0.0
N000051,N000052,same,0.9893992932862191,0.8571428571428571
N001105,N007889,different,0.2967032967032967,0.0
N004491,N004492,same,0.6584821428571429,0.8311688311688312
N004978,N009682,different,0.37060041407867494,0.0049261083743842365
N008379,N008380,same,0.9333333333333333,0.9473684210526315
N001189,N011628,different,0.32196969696969696,0.006172839506172839
N000183,N001889,different,0.6295399515738499,0.21705426356589147
N006225,N006227,same,0.32195121951219513,0.3246753246753247
N002447,N007313,different,0.40369393139841686,0.0
N005321,N005322,same,0.957983193277311,0.9433962264150944
N004563,N004564,same,0.5522682445759369,0.5892857142857143
N001497,N001498,same,0.62708719851577,0.8351648351648352
N002729,N008105,different,0.48210526315789476,0.0
N000314,N008220,different,0.4169139465875371,0.004739336492890996
N001902,N009227,different,0.6,0.07317073170731707
N001376,N009439,different,0.5515267175572519,0.0
N003019,N009498,different,0.38212634822804314,0.022222222222222223
N003883,N004988,different,0.3411580594679186,0.0
N004822,N007764,different,0.4397993311036789,0.0
N000255,N007615,different,0.5009708737864078,0.0
N005676,N011302,different,0.4084158415841584,0.007246376811594203
N003403,N007889,different,0.33104631217838765,0.0
N002476,N005891,different,0.33613445378151263,0.0
N004988,N009224,different,0.3786259541984733,0.0
N001677,N011151,different,0.37059724349157736,0.0
N006731,N006732,same,0.9572368421052632,0.90625
N002200,N009548,different,0.34169278996865204,0.0
N001873,N001874,same,0.9416666666666667,0.9651162790697675
N006820,N010293,different,0.4645308924485126,0.0
N004096,N007060,different,0.575,0.005076142131979695
N003135,N003543,different,0.5248380129589633,0.0
N006564,N007387,different,0.4842105263157895,0.0
N004906,N008027,different,0.4968814968814969,0.005319148936170213
N000145,N007083,different,0.33068362480127184,0.005405405405405406
N008087,N008088,same,0.4518348623853211,0.5204081632653061
N007153,N007701,different,0.49635036496350365,0.005813953488372093
N010825,N010826,same,0.7110609480812641,0.872093023255814
N006905,N006906,same,0.9919786096256684,1.0
N001863,N002786,different,0.3694968553459119,0.0
N001735,N005403,different,0.5433884297520661,0.00684931506849315
N009982,N009985,same,0.34782608695652173,0.2746478873239437
N008801,N011616,different,0.4370860927152318,0.13983050847457626
N003201,N011795,different,0.5416666666666666,0.005813953488372093
N009040,N010335,different,0.3188405797101449,0.013422818791946308
N000276,N000278,same,0.3481675392670157,0.12582781456953643
N001338,N001340,same,0.994413407821229,0.9431818181818182
N011118,N011119,same,0.9413265306122449,0.608433734939759
N000768,N000770,same,0.6945945945945946,0.7920792079207921
N001515,N006807,different,0.4693446088794926,0.010582010582010581
N009100,N009150,different,0.43004115226337447,0.005319148936170213
N000437,N010413,different,0.3217665615141956,0.0
N008497,N008498,same,0.6651053864168618,0.8589743589743589
N007145,N007146,same,0.6292682926829268,0.8333333333333334
N007053,N010560,different,0.4826325411334552,0.00625
N008280,N010910,different,0.45336225596529284,0.1487603305785124
N001364,N001365,same,0.9803370786516854,0.55
N001075,N009237,different,0.5797752808988764,0.0196078431372549
N003268,N007976,different,0.6205733558178752,0.0
N004168,N004169,same,0.753968253968254,0.9256198347107438
N003317,N011369,different,0.4146825396825397,0.0
N002748,N011595,different,0.5252525252525253,0.015625
N000873,N002331,different,0.31386861313868614,0.05517241379310345
N009379,N009380,same,0.9913294797687862,0.968421052631579
N007382,N009541,different,0.3612565445026178,0.0
N006828,N011568,different,0.3684210526315789,0.0
N005210,N009890,different,0.3955056179775281,0.0072992700729927005
N009046,N010077,different,0.4495798319327731,0.0
N000659,N006306,different,0.3245469522240527,0.0
N005472,N007849,different,0.3360258481421648,0.0
N007681,N009555,different,0.552772808586762,0.00684931506849315
N007201,N010116,different,0.45476190476190476,0.02054794520547945
N002665,N004599,different,0.36335403726708076,0.0
N007557,N008376,different,0.6195462478184991,0.010309278350515464
N000189,N001381,different,0.4578059071729958,0.0
N004220,N007941,different,0.5329566854990584,0.005847953216374269
N002036,N008928,different,0.24796084828711257,0.006097560975609756
N003662,N010020,different,0.5079365079365079,0.0
N004066,N006280,different,0.4289044289044289,0.0
N005647,N010086,different,0.40869565217391307,0.0
N002586,N006131,different,0.4143763213530655,0.0
N004043,N004969,different,0.26621160409556316,0.019230769230769232
N010853,N010857,same,0.7904328018223234,0.7386363636363636
N000202,N007774,different,0.48654708520179374,0.0
N002852,N002853,same,0.6981981981981982,0.8481012658227848
N008049,N010976,different,0.4220430107526882,0.0
N010028,N010039,different,0.524731182795699,0.007936507936507936
N004028,N010035,different,0.48128342245989303,0.0
N001702,N010946,different,0.3642105263157895,0.0
N008791,N008803,different,0.5645472061657033,0.006097560975609756
N000684,N004640,different,0.48434237995824636,0.11857707509881422
N011929,N011930,same,0.5469613259668509,0.711340206185567
N003860,N004075,different,0.5131313131313131,0.0
N003884,N007431,different,0.34196891191709844,0.0
N002204,N007953,different,0.4133949191685912,0.0
N005664,N005666,same,0.9141914191419142,0.8243243243243243
N003982,N006359,different,0.47731397459165154,0.0
N002817,N002819,same,0.4025157232704403,0.4084507042253521
N002626,N002629,same,0.630272952853598,0.8360655737704918
N000262,N002156,different,0.6024734982332155,0.0
N000131,N003422,different,0.5200845665961945,0.007633587786259542
N000852,N010531,different,0.28991596638655465,0.07692307692307693
N003659,N005484,different,0.35972461273666095,0.0
N001115,N009773,different,0.6102783725910065,0.14857142857142858
N010941,N010942,same,0.9435897435897436,0.9705882352941176
N008101,N008840,different,0.413953488372093,0.0
N005983,N009546,different,0.5687022900763359,0.0
N001180,N006053,different,0.5286259541984732,0.010869565217391304
N004248,N005277,different,0.41299303944315546,0.0
N006025,N010086,different,0.4780114722753346,0.0
N002970,N007570,different,0.5548780487804879,0.0
N002439,N007343,different,0.5131313131313131,0.0
N001488,N005914,different,0.4641255605381166,0.019230769230769232
N001624,N006762,different,0.3095890410958904,0.0
N004870,N006313,different,0.4968684759916493,0.0
N011017,N011020,same,0.662004662004662,0.8405797101449275
N002389,N002391,same,0.7002341920374707,0.8591549295774648
N000672,N002056,different,0.3265993265993266,0.0
N003476,N004605,different,0.5010893246187363,0.0
N008022,N010492,different,0.5708661417322834,0.0
N009775,N009854,different,0.28440366972477066,0.0
N001443,N010092,different,0.518783542039356,0.0
N008152,N008153,same,0.95,0.9347826086956522
N004151,N009894,different,0.3580441640378549,0.010416666666666666
N009151,N011771,different,0.5437100213219617,0.0
N004672,N008166,different,0.6374501992031872,0.014388489208633094
N005081,N007027,different,0.3722627737226277,0.013333333333333334
N002173,N008545,different,0.5071574642126789,0.0
N003781,N003783,same,0.9398280802292264,0.7843137254901961
N002084,N007552,different,0.44416243654822335,0.14795918367346939
N004001,N004002,same,0.5308151093439364,0.2878787878787879
N009163,N009439,different,0.4341880341880342,0.0
N002426,N003338,different,0.3328025477707006,0.0
N006423,N006425,same,0.9798488664987406,0.9545454545454546
N007876,N009829,different,0.6089285714285714,0.006060606060606061
N007687,N009311,different,0.6070763500931099,0.0
N001746,N002955,different,0.2620817843866171,0.02608695652173913
N008284,N008285,same,0.7122736418511066,0.8645833333333334
N001309,N011869,different,0.29306930693069305,0.05673758865248227
N002589,N004081,different,0.34686346863468637,0.0
N005300,N006349,different,0.550755939524838,0.014184397163120567
N009455,N009456,same,0.6883116883116883,0.8571428571428571
N004081,N010560,different,0.34050179211469533,0.0
N004306,N004307,same,0.9890510948905109,0.9827586206896551
N000884,N011090,different,0.4905263157894737,0.007751937984496124
N000010,N003634,different,0.3385579937304075,0.0
N002225,N011649,different,0.44835164835164837,0.0
N001484,N003224,different,0.2805755395683453,0.0
N008411,N008412,same,0.43902439024390244,0.44642857142857145
N006804,N010502,different,0.38461538461538464,0.0
N009437,N010826,different,0.5187265917602997,0.0
N000335,N007009,different,0.569060773480663,0.0
N002857,N005654,different,0.46346555323590816,0.01680672268907563
N000078,N007325,different,0.5238095238095238,0.0
N000864,N005773,different,0.4261954261954262,0.011111111111111112
N007718,N008135,different,0.5263157894736842,0.006329113924050633
N006976,N010778,different,0.5118243243243243,0.0
N002774,N011414,different,0.46261682242990654,0.16990291262135923
N004762,N010111,different,0.5633802816901409,0.006211180124223602
N003908,N003909,same,0.3762575452716298,0.24603174603174602
N000664,N000666,same,0.5880893300248139,0.7666666666666667
N004323,N009954,different,0.43333333333333335,0.0
N010390,N011580,different,0.30616740088105726,0.0
N004880,N004881,same,0.9460154241645244,0.9603960396039604
N000818,N006620,different,0.33810375670840787,0.013071895424836602
N001043,N002862,different,0.5463709677419355,0.0
N000640,N011658,different,0.37652439024390244,0.0
N008018,N008676,different,0.263653483992467,0.008620689655172414
N002685,N002686,same,0.6190476190476191,0.9135802469135802
N000449,N010133,different,0.44047619047619047,0.014705882352941176
N004683,N007002,different,0.344,0.006535947712418301
N010844,N011602,different,0.4202586206896552,0.0
N002440,N002443,same,0.4,0.2976190476190476
N001357,N003372,different,0.45849802371541504,0.0
N010856,N010857,same,0.7366071428571429,0.8658536585365854
N005262,N005263,same,0.458628841607565,0.3508771929824561
N000070,N004969,different,0.6362068965517241,0.01015228426395939
N003615,N009126,different,0.5876865671641791,0.0051813471502590676
N003236,N006862,different,0.32370820668693007,0.0
N001257,N005818,different,0.34415584415584416,0.0
N001027,N005073,different,0.38675213675213677,0.0
N002169,N011831,different,0.44956140350877194,0.0
N002691,N005271,different,0.3651877133105802,0.00819672131147541
N005141,N007639,different,0.40772532188841204,0.006134969325153374
N000675,N005669,different,0.5922671353251318,0.010416666666666666
N005337,N011060,different,0.3005893909626719,0.00847457627118644
N001699,N004758,different,0.3169984686064318,0.005847953216374269
N007012,N009759,different,0.34124087591240876,0.0
N004855,N004856,same,0.7330595482546202,0.8877551020408163
N010491,N010492,same,0.7040618955512572,0.5033112582781457
N003270,N006319,different,0.3500837520938023,0.0
N003144,N011859,different,0.4876660341555977,0.0
N000889,N000890,same,0.7293666026871402,0.5923566878980892
N001432,N001435,same,0.7415966386554622,0.8691588785046729
N008926,N010073,different,0.36236391912908245,0.0
N006903,N010093,different,0.37362637362637363,0.0
N000486,N000487,same,0.9793103448275862,0.9818181818181818
N006198,N007366,different,0.32620320855614976,0.0
N004084,N004085,same,0.7515400410677618,0.8518518518518519
N007902,N007976,different,0.6423728813559322,0.005291005291005291
N002019,N002021,same,0.6394052044609665,0.7037037037037037
N008725,N008728,same,0.7422480620155039,0.8857142857142857
N001957,N001958,same,0.9807692307692307,0.9868421052631579
N005497,N008336,different,0.31343283582089554,0.0
N009301,N009302,same,0.992,0.9193548387096774
N008499,N008952,different,0.5591836734693878,0.005154639175257732
N002300,N003674,different,0.353322528363047,0.0
N009680,N011001,different,0.2781569965870307,0.0
N005556,N006568,different,0.29605263157894735,0.07207207207207207
N003574,N007121,different,0.4357638888888889,0.009708737864077669
N004353,N004355,same,0.6869565217391305,0.8695652173913043
N004438,N004442,same,0.8244047619047619,0.8902439024390244
N004678,N004680,same,0.8978102189781022,0.6530612244897959
N000056,N009414,different,0.28146853146853146,0.0
N005365,N009764,different,0.49800796812749004,0.0
N002248,N003503,different,0.3975609756097561,0.009259259259259259
N010508,N010509,same,0.3887468030690537,0.34146341463414637
N001817,N007306,different,0.3046875,0.0
N003274,N007023,different,0.5305410122164049,0.011627906976744186
N005079,N005080,same,0.5011185682326622,0.5555555555555556
N000591,N011538,different,0.33613445378151263,0.0
N009925,N010387,different,0.3387096774193548,0.0
N001053,N002186,different,0.4969939879759519,0.0
N008562,N009324,different,0.5604203152364273,0.005649717514124294
N000250,N003051,different,0.3217665615141956,0.0
N001525,N001678,different,0.5988909426987061,0.006134969325153374
N008599,N008602,same,0.6464891041162227,0.8125
N003942,N010918,different,0.4381551362683438,0.0
N002513,N007637,different,0.5465517241379311,0.0
N009703,N009705,same,0.6143617021276596,0.8301886792452831
N004315,N009584,different,0.5142276422764228,0.02857142857142857
N010620,N010621,same,0.9596774193548387,0.9702970297029703
N008248,N008249,same,0.4898373983739837,0.3828125
N005222,N005225,same,0.5073260073260073,0.7142857142857143
N002502,N002505,same,0.961038961038961,0.9696969696969697
N006200,N006201,same,0.4522417153996101,0.3404255319148936
N000217,N002582,different,0.4047976011994003,0.0
N001207,N004094,different,0.510752688172043,0.0
N005453,N010471,different,0.48210526315789476,0.0
N001063,N005024,different,0.5152129817444219,0.12301587301587301
N000697,N005493,different,0.2743682310469314,0.014285714285714285
N003555,N009272,different,0.2806026365348399,0.008130081300813009
N005393,N007391,different,0.4510250569476082,0.13008130081300814
N006121,N009928,different,0.5869947275922671,0.005
N004229,N006064,different,0.2867647058823529,0.0
N003265,N010005,different,0.521505376344086,0.0
N007303,N007376,different,0.3321492007104796,0.006993006993006993
N005512,N007327,different,0.558766859344894,0.0
N009065,N011122,different,0.30691056910569103,0.0
N001376,N001377,same,0.48520710059171596,0.46511627906976744
N000357,N000359,same,0.7389380530973452,0.8541666666666666
N008677,N011938,different,0.47438752783964366,0.0
N002197,N002198,same,0.6425,0.38235294117647056
N001905,N005873,different,0.5317460317460317,0.0
N007497,N007499,same,0.7285714285714285,0.875
N007334,N007335,same,0.9610027855153204,0.9325842696629213
N002570,N005618,different,0.32114467408585057,0.006666666666666667
N001074,N002707,different,0.34321372854914195,0.0
N003691,N004544,different,0.2693032015065913,0.0
N003415,N008452,different,0.5137614678899083,0.0
N011716,N011717,same,0.9900249376558603,0.9629629629629629
N001083,N011985,different,0.4765432098765432,0.0
N011499,N011500,same,0.9931350114416476,0.9629629629629629
N004212,N009766,different,0.5576271186440678,0.0
N002974,N006457,different,0.414050822122571,0.004901960784313725
N003854,N003855,same,0.7098901098901099,0.8461538461538461
N005378,N005379,same,0.9614457831325302,0.975
N011829,N011830,same,0.9635922330097088,0.9910714285714286
N005326,N006145,different,0.42016806722689076,0.0
N006145,N006146,same,0.6897374701670644,0.8103448275862069
N002008,N003498,different,0.4891304347826087,0.01775147928994083
N010513,N010514,same,0.9691358024691358,0.8932038834951457
N000443,N006009,different,0.298828125,0.0072992700729927005
N000043,N000050,same,0.9900249376558603,0.9391304347826087
N008967,N008968,same,0.3308270676691729,0.20689655172413793
N002801,N002802,same,0.7012987012987013,0.5384615384615384
N000119,N009303,different,0.2775735294117647,0.0
N002058,N002059,same,0.9716157205240175,0.9625
N001325,N009136,different,0.43209876543209874,0.007246376811594203
N003642,N009092,different,0.4364508393285372,0.0
N004298,N004299,same,0.9893617021276596,0.8888888888888888
N007729,N007732,same,0.9906832298136646,0.9753086419753086
N007652,N008774,different,0.5920177383592018,0.0
N000834,N001578,different,0.32273449920508746,0.0
N002673,N009844,different,0.5649606299212598,0.0
N003008,N009152,different,0.4313304721030043,0.12396694214876033
N001326,N001328,same,0.676056338028169,0.8571428571428571
N009445,N009562,different,0.6590389016018307,0.19148936170212766
N005985,N009162,different,0.34477124183006536,0.0
N004071,N004072,same,0.9654178674351584,0.9452054794520548
N000384,N002019,different,0.32605042016806723,0.005050505050505051
N003494,N003495,same,0.28874734607218683,0.25252525252525254
N005806,N011786,different,0.3411978221415608,0.0
N011420,N011984,different,0.5390199637023594,0.0049261083743842365
N006646,N009384,different,0.32086614173228345,0.0
N002639,N002640,same,0.951530612244898,0.9772727272727273
N006541,N009386,different,0.5182012847965739,0.007194244604316547
N006760,N008055,different,0.5734265734265734,0.03164556962025317
N001785,N004629,different,0.5245283018867924,0.0
N000741,N000745,same,0.9670886075949368,0.6385542168674698
N008186,N009304,different,0.36335403726708076,0.012422360248447204
N001323,N006364,different,0.5052631578947369,0.03636363636363636
N003863,N010008,different,0.33507853403141363,0.0
N000058,N000184,different,0.5419103313840156,0.0
N000412,N004657,different,0.36363636363636365,0.0
N000926,N003644,different,0.5980952380952381,0.0
N004369,N008199,different,0.5288065843621399,0.0
N003450,N006996,different,0.39663865546218485,0.0
N004410,N006730,different,0.32673267326732675,0.006666666666666667
N006041,N011988,different,0.32129277566539927,0.05228758169934641
N004913,N010317,different,0.5295275590551181,0.0
N007995,N007997,same,0.6623711340206185,0.8169014084507042
N001334,N006274,different,0.3316239316239316,0.0
N004939,N011284,different,0.28399311531841653,0.0
N005634,N006584,different,0.39451476793248946,0.0
N003301,N003302,same,0.6995515695067265,0.8795180722891566
N002267,N010375,different,0.4308093994778068,0.0
N003158,N007300,different,0.46337308347529815,0.01702127659574468
N002085,N007988,different,0.45652173913043476,0.0
N001118,N001120,same,0.9710843373493976,0.6544502617801047
N000030,N006079,different,0.476303317535545,0.0072992700729927005
N005137,N009628,different,0.4436781609195402,0.0
N004055,N008225,different,0.29038112522686027,0.005208333333333333
N001879,N004065,different,0.3791469194312796,0.0
N000486,N011101,different,0.4819004524886878,0.0
N007430,N010330,different,0.595903165735568,0.0
N006041,N009700,different,0.5513126491646778,0.009345794392523364
N000297,N003849,different,0.3606010016694491,0.0
N003611,N007188,different,0.44269662921348313,0.0
N009978,N009979,same,0.598343685300207,0.8615384615384616
N001022,N001023,same,0.7130801687763713,0.9223300970873787
N001629,N005005,different,0.4418604651162791,0.0
N002923,N007247,different,0.33440514469453375,0.0
N003164,N009587,different,0.36416184971098264,0.0
N006832,N010598,different,0.3931240657698057,0.0
N006511,N006512,same,0.7163265306122449,0.9357798165137615
N002304,N009060,different,0.30177514792899407,0.0
N002106,N006701,different,0.48333333333333334,0.0
N006856,N006857,same,0.6829268292682927,0.8026315789473685
N003821,N009085,different,0.5812356979405034,0.1917808219178082
N004522,N009816,different,0.6216867469879518,0.2097902097902098
N008514,N008515,same,0.5327313769751693,0.4959349593495935
N008382,N009718,different,0.3130252100840336,0.0
N005805,N011332,different,0.5338983050847458,0.007633587786259542
N004216,N004699,different,0.4696261682242991,0.0
N001432,N008873,different,0.5475352112676056,0.0
N002149,N003382,different,0.22851153039832284,0.0
N004731,N009345,different,0.5056179775280899,0.0
N002163,N002307,different,0.5081374321880651,0.0
N002952,N008752,different,0.43817787418655096,0.028985507246376812
N000745,N005843,different,0.41561181434599154,0.005952380952380952
N005260,N011019,different,0.26666666666666666,0.0
N002299,N009882,different,0.30666666666666664,0.0
N002171,N005867,different,0.3811188811188811,0.0
N005334,N007457,different,0.4164989939637827,0.13247863247863248
N005304,N005305,same,0.949748743718593,0.6211180124223602
N005134,N005135,same,0.7184466019417476,0.55625
N000982,N005390,different,0.45374449339207046,0.0
N002992,N009046,different,0.5647279549718575,0.013157894736842105
N000628,N000633,same,0.4176334106728538,0.3695652173913043
N000573,N006170,different,0.3326959847036329,0.062111801242236024
N010406,N010408,same,0.9586466165413534,0.8367346938775511
N002446,N002447,same,0.6944444444444444,0.8313253012048193
N000735,N001335,different,0.5584158415841585,0.0
N008238,N011480,different,0.4903100775193798,0.0
N000321,N000443,different,0.2745490981963928,0.0
N007541,N007546,same,0.3870967741935484,0.3387096774193548
N002683,N007848,different,0.3327239488117002,0.0
N009983,N009985,same,0.3766990291262136,0.18947368421052632
N007568,N007570,same,0.583732057416268,0.3782051282051282
N005448,N005962,different,0.44902912621359226,0.0
N004767,N004768,same,0.9475524475524476,0.9473684210526315
N007023,N007916,different,0.5761821366024519,0.015544041450777202
N000315,N000316,same,0.6404761904761904,0.8311688311688312
N001578,N002947,different,0.37462235649546827,0.0
N009857,N010711,different,0.4656652360515021,0.0
N002290,N003634,different,0.5958188153310104,0.0
N011438,N011440,same,0.7089201877934272,0.8117647058823529
N010035,N011646,different,0.5163043478260869,0.0
N001295,N001296,same,0.7156626506024096,0.8472222222222222
N005825,N010265,different,0.4575569358178054,0.0
N002351,N005508,different,0.5928449744463373,0.005405405405405406
N011075,N011077,same,0.9661016949152542,0.9603174603174603
N011335,N011336,same,0.5454545454545454,0.8148148148148148
N000514,N011152,different,0.6030405405405406,0.0
N010762,N010766,same,0.9602977667493796,0.9340659340659341
N001314,N003288,different,0.5937007874015748,0.0
N001403,N001405,same,0.34122287968441817,0.15789473684210525
N010389,N010391,same,0.9376623376623376,0.5422535211267606
N001258,N001261,same,0.9826732673267327,0.5987261146496815
N003574,N011053,different,0.5344827586206896,0.0
N001484,N005371,different,0.5091911764705882,0.0
N005426,N005427,same,0.9523809523809523,0.9454545454545454
N008443,N010211,different,0.36199095022624433,0.0
N005517,N011613,different,0.28952772073921973,0.0
N005828,N010514,different,0.30098684210526316,0.0
N011154,N011156,same,0.7258382642998028,0.9159663865546218
N002595,N003310,different,0.4137055837563452,0.0
N008630,N011336,different,0.6306306306306306,0.0
N004951,N008794,different,0.47686832740213525,0.005747126436781609
N000391,N004186,different,0.49019607843137253,0.0
N000166,N008677,different,0.43283582089552236,0.0
N009154,N011317,different,0.5021645021645021,0.01775147928994083
N002589,N009612,different,0.4916317991631799,0.0
N008268,N009916,different,0.5274102079395085,0.0
N002316,N002317,same,0.6370757180156658,0.82
N006596,N011033,different,0.3345070422535211,0.008264462809917356
N010106,N010107,same,0.5555555555555556,0.5192307692307693
N008409,N008410,same,0.9737991266375546,0.95
N001937,N007430,different,0.5288065843621399,0.00641025641025641
N000078,N006886,different,0.5104166666666666,0.0
N010999,N011001,same,0.4177777777777778,0.22666666666666666
N001357,N010788,different,0.4777327935222672,0.0
N000906,N011149,different,0.5408560311284046,0.0
N003435,N009318,different,0.48303393213572854,0.010309278350515464
N002916,N004445,different,0.518918918918919,0.037037037037037035
N003770,N011367,different,0.45526315789473687,0.0
N010980,N010981,same,0.7555110220440882,0.8771929824561403
N005040,N005041,same,0.9183006535947712,0.9436619718309859
N008937,N008938,same,0.30337078651685395,0.2988505747126437
N002071,N006588,different,0.2890625,0.0
N010261,N011914,different,0.5225694444444444,0.004694835680751174
N000670,N000671,same,0.9715762273901809,0.5547945205479452
N000489,N007029,different,0.5159574468085106,0.017857142857142856
N007633,N010942,different,0.42061855670103093,0.0
N005243,N006569,different,0.3268101761252446,0.053691275167785234
N001083,N001567,different,0.4099099099099099,0.0
N000282,N006591,different,0.46120689655172414,0.0
N003362,N003364,same,0.9940652818991098,0.9753086419753086
N005927,N008816,different,0.551948051948052,0.0
N001289,N001291,same,0.38104089219330856,0.3076923076923077
N005231,N005232,same,0.9631901840490797,0.8831168831168831
N003835,N003837,same,0.7747035573122529,0.8780487804878049
N004167,N005115,different,0.6020618556701031,0.0
N002040,N003281,different,0.507399577167019,0.00411522633744856
N002605,N010853,different,0.5879518072289157,0.07142857142857142
N011139,N011793,different,0.349768875192604,0.0
N001458,N002506,different,0.3931818181818182,0.0
N007148,N011853,different,0.579476861167002,0.0
N001791,N008583,different,0.5151515151515151,0.0
N008993,N008995,same,0.9647058823529412,0.5488721804511278
N004043,N004218,different,0.46613545816733065,0.0
N011601,N011603,same,0.9671232876712329,0.56
N002945,N010292,different,0.4067796610169492,0.0
N006385,N011130,different,0.4735772357723577,0.0
N006764,N009477,different,0.504424778761062,0.0
N004409,N011892,different,0.40476190476190477,0.005319148936170213
N000023,N002700,different,0.4606741573033708,0.0058823529411764705
N001669,N003264,different,0.4135667396061269,0.006369426751592357
N002831,N008460,different,0.33640552995391704,0.0
N004184,N005163,different,0.35148514851485146,0.013157894736842105
N009665,N011482,different,0.28640776699029125,0.0
N000340,N009553,different,0.3005464480874317,0.0
N002043,N008828,different,0.4140786749482402,0.0
N003466,N003469,same,0.6943231441048034,0.8617021276595744
N005064,N005067,same,0.7615230460921844,0.8715596330275229
N000030,N007467,different,0.4394250513347023,0.0
N011900,N011901,same,0.6627118644067796,0.8968253968253969
N006901,N008943,different,0.4816414686825054,0.0
N003415,N005750,different,0.31784386617100374,0.0
N005350,N005352,same,0.45194274028629855,0.453125
N007614,N008823,different,0.3486238532110092,0.006211180124223602
N004333,N008255,different,0.43159922928709055,0.0
N009495,N009521,different,0.3264984227129338,0.0
N006462,N006463,same,0.9661458333333334,0.97
N001629,N008262,different,0.535181236673774,0.0
N002516,N010795,different,0.521484375,0.0
N006622,N006623,same,0.8251748251748252,0.574468085106383
N010081,N010082,same,0.7567049808429118,0.9024390243902439
N007560,N007561,same,0.6854663774403471,0.8977272727272727
N005941,N006998,different,0.5399159663865546,0.007246376811594203
N004062,N004438,different,0.40786240786240785,0.0
N000990,N002973,different,0.36198347107438017,0.0
N008321,N008641,different,0.5358565737051793,0.0
N008561,N008562,same,0.7255813953488373,0.8607594936708861
N001360,N001361,same,0.9828767123287672,0.8653846153846154
N008993,N008994,same,0.9821428571428571,0.9382716049382716
N005108,N005109,same,0.7583333333333333,0.8807339449541285
N001983,N001984,same,0.6037234042553191,0.7021276595744681
N006038,N009049,different,0.33889816360601,0.0
N001413,N007076,different,0.43429844097995546,0.0
N005772,N005776,same,0.40540540540540543,0.313953488372093
N000237,N009075,different,0.6157804459691252,0.005025125628140704
N011043,N011048,same,0.3900343642611684,0.3108108108108108
N004742,N006981,different,0.43832599118942733,0.16417910447761194
N004801,N004802,same,0.6682577565632458,0.8441558441558441
N003994,N003995,same,0.3282828282828283,0.3181818181818182
N000643,N009675,different,0.5458248472505092,0.0
N006086,N006087,same,0.9509803921568627,0.9444444444444444
N000266,N010102,different,0.5,0.16753926701570682
N005028,N009701,different,0.47580645161290325,0.0
N009670,N009671,same,0.9568627450980393,0.8372093023255814
N001005,N001804,different,0.5116731517509727,0.006289308176100629
N005314,N010609,different,0.6051282051282051,0.0
N000417,N000419,same,0.9507042253521126,0.9915966386554622
N011041,N011048,same,0.3745704467353952,0.2751677852348993
N000992,N001435,different,0.446985446985447,0.0
N004107,N008166,different,0.34609250398724084,0.012903225806451613
N002590,N002591,same,0.9619771863117871,1.0
N005119,N005121,same,0.7158351409978309,0.8804347826086957
N002826,N007185,different,0.3064516129032258,0.0
N009349,N009350,same,0.9785932721712538,0.5378787878787878
N003121,N005007,different,0.3228995057660626,0.007407407407407408
N002947,N003566,different,0.2453781512605042,0.0
N000485,N000488,same,0.921311475409836,0.41025641025641024
N004349,N011691,different,0.551660516605166,0.0
N011281,N011282,same,0.7386609071274298,0.8620689655172413
N003865,N009372,different,0.3361629881154499,0.0
N001198,N010109,different,0.592964824120603,0.0
N011975,N011976,same,0.7032418952618454,0.6363636363636364
N006419,N007183,different,0.2777777777777778,0.0064516129032258064
N010407,N010605,different,0.4358353510895884,0.16574585635359115
N009079,N010570,different,0.569672131147541,0.009009009009009009
N001415,N006560,different,0.5245579567779961,0.0
N001653,N001654,same,0.690537084398977,0.7974683544303798
N003355,N003823,different,0.3189102564102564,0.0
N000355,N005276,different,0.5196261682242991,0.006024096385542169
N007573,N007574,same,0.4475806451612903,0.453125
N007999,N008002,same,0.9574468085106383,0.948051948051948
N007057,N010814,different,0.2830188679245283,0.0
N000264,N009708,different,0.5159574468085106,0.0
N008825,N008828,same,0.6902439024390243,0.7536231884057971
N001284,N006893,different,0.41333333333333333,0.004975124378109453
N011033,N011035,same,0.9652777777777778,0.9210526315789473
N004348,N004349,same,0.5714285714285714,0.7971014492753623
N004177,N010930,different,0.480083857442348,0.003968253968253968
N003845,N003847,same,0.72,0.5612903225806452
N004106,N004107,same,0.38656987295825773,0.2890625
N007911,N009413,different,0.42857142857142855,0.0
N001010,N001011,same,0.4246031746031746,0.25
N009213,N010572,different,0.317907444668008,0.008130081300813009
N006364,N006366,same,0.3268765133171913,0.3058823529411765
N001447,N003703,different,0.3921161825726141,0.0
N009727,N010185,different,0.37784522003034904,0.0
N000605,N002652,different,0.4065180102915952,0.0
N004016,N004017,same,0.32009345794392524,0.325
N010689,N011576,different,0.32857142857142857,0.008695652173913044
N001733,N001734,same,0.8212927756653993,0.8333333333333334
N004845,N007461,different,0.33814102564102566,0.0
N010880,N010881,same,0.8432835820895522,0.9861111111111112
N000498,N001176,different,0.4758909853249476,0.0
N001285,N003729,different,0.35067437379576105,0.0
N006173,N008196,different,0.5085106382978724,0.00975609756097561
N008110,N009707,different,0.5636704119850188,0.0
N007193,N010619,different,0.5614035087719298,0.0
N000561,N003679,different,0.5798922800718133,0.0
N003026,N003027,same,0.6941747572815534,0.8048780487804879
N004552,N004553,same,0.7766233766233767,0.8350515463917526
N007647,N009169,different,0.5373443983402489,0.0
N005744,N010823,different,0.5240847784200385,0.018072289156626505
N001880,N002772,different,0.35058430717863104,0.0
N003351,N006982,different,0.35471698113207545,0.0
N006591,N011935,different,0.569672131147541,0.004901960784313725
N008482,N010584,different,0.501039501039501,0.0
N005814,N006544,different,0.3058823529411765,0.0
N006622,N006638,different,0.34150943396226413,0.0
N008603,N010598,different,0.3475409836065574,0.0
N000753,N000755,same,0.9393203883495146,0.6264367816091954
N006153,N009437,different,0.5930470347648262,0.0
N002548,N010207,different,0.6241379310344828,0.0
N004026,N010431,different,0.4716981132075472,0.0
N000339,N002440,different,0.45913461538461536,0.0
N000964,N008611,different,0.5435606060606061,0.0
N001833,N004195,different,0.5568862275449101,0.0
N001282,N004950,different,0.28780487804878047,0.0
N000030,N009868,different,0.4217391304347826,0.006622516556291391
N001010,N004708,different,0.5593561368209256,0.006172839506172839
N000566,N008517,different,0.39398496240601505,0.0
N011092,N011095,same,0.758893280632411,0.9043478260869565
N001983,N009014,different,0.39900249376558605,0.0
N005044,N005045,same,0.9597523219814241,0.9491525423728814
N003201,N003203,same,0.9950617283950617,0.9452054794520548
N000238,N001915,different,0.5183044315992292,0.0
N000461,N004754,different,0.5876993166287016,0.0
N000135,N010890,different,0.31194295900178254,0.0
N011414,N011759,different,0.44,0.19428571428571428
N003751,N007825,different,0.414050822122571,0.0
N006774,N009531,different,0.6452513966480447,0.06722689075630252
N000516,N006620,different,0.37822878228782286,0.0
N004325,N004949,different,0.4189189189189189,0.0
N000557,N004353,different,0.42951541850220265,0.0
N000286,N008208,different,0.5815217391304348,0.0
N002691,N010535,different,0.5668549905838042,0.0
N000490,N006570,different,0.5285451197053407,0.005780346820809248
N005692,N009368,different,0.32061068702290074,0.05405405405405406
N006324,N006325,same,0.7219917012448133,0.5454545454545454
N004951,N011682,different,0.5741056218057922,0.0051813471502590676
N010982,N010985,same,0.6795698924731183,0.4065040650406504
N009834,N009835,same,0.6578249336870027,0.72
N003500,N003501,same,0.7333333333333333,0.8555555555555555
N010499,N011269,different,0.29557522123893804,0.006756756756756757
N005257,N010502,different,0.32605304212168484,0.0
N003920,N006487,different,0.36318407960199006,0.00641025641025641
N011834,N011835,same,0.9437340153452686,0.908256880733945
N004364,N007454,different,0.35918367346938773,0.0
N004158,N008744,different,0.4432314410480349,0.0
N005771,N006045,different,0.2749003984063745,0.06521739130434782
N001865,N011525,different,0.5253549695740365,0.0
N001362,N001363,same,0.36363636363636365,0.21476510067114093
N009863,N009866,same,0.40311804008908686,0.24666666666666667
N000175,N002508,different,0.5452793834296724,0.004784688995215311
N006545,N006546,same,0.7577639751552795,0.9017857142857143
N000215,N005986,different,0.5426829268292683,0.0
N004433,N011613,different,0.32045088566827695,0.0
N000064,N010912,different,0.30528052805280526,0.0
N008572,N009975,different,0.4349775784753363,0.0
N000431,N001948,different,0.3253012048192771,0.0
N002598,N004139,different,0.44813278008298757,0.0
N007063,N007064,same,0.734065934065934,0.9
N008238,N008239,same,0.7272727272727273,0.5285714285714286
N000518,N009485,different,0.26429980276134124,0.0
N003093,N003735,different,0.33172302737520126,0.0
N001977,N007620,different,0.3344103392568659,0.0070921985815602835
N009205,N009208,same,0.5663716814159292,0.7551020408163265
N003317,N010218,different,0.3758099352051836,0.0
N006112,N006266,different,0.3433333333333333,0.0
N003208,N003758,different,0.3684210526315789,0.0
N008188,N008190,same,0.9894736842105263,0.9333333333333333
N003051,N011987,different,0.31968503937007875,0.005714285714285714
N001446,N004867,different,0.3397887323943662,0.014492753623188406
N000895,N009304,different,0.5720250521920668,0.009345794392523364
N000161,N010769,different,0.25463743676222594,0.0
N003327,N003328,same,0.7221135029354208,0.911504424778761
N008176,N010603,different,0.33587786259541985,0.0
N001633,N001634,same,0.39244186046511625,0.3333333333333333
N004001,N007546,different,0.6715976331360947,0.07920792079207921
N000937,N000938,same,0.6280193236714976,0.8208955223880597
N008048,N008050,same,0.9543010752688172,0.968421052631579
N004328,N008917,different,0.4088669950738916,0.018518518518518517
N004757,N008828,different,0.46292134831460674,0.025477707006369428
N005397,N005398,same,0.4594594594594595,0.3804347826086957
N001291,N007292,different,0.42829457364341084,0.004975124378109453
N007205,N007207,same,0.9944444444444445,1.0
N002229,N011361,different,0.5909090909090909,0.07627118644067797
N005375,N005716,different,0.36085626911314983,0.0
N002758,N002818,different,0.40582959641255606,0.024
N009564,N011151,different,0.5860927152317881,0.009900990099009901
N008487,N008488,same,0.9595375722543352,0.9506172839506173
N007856,N007858,same,0.7019230769230769,0.875
N000647,N001025,different,0.30718954248366015,0.0
N003489,N010336,different,0.4556354916067146,0.0
N000327,N009318,different,0.4308390022675737,0.0
N005431,N006150,different,0.3511705685618729,0.0
N002684,N004549,different,0.3366013071895425,0.0
N005744,N007062,different,0.296875,0.014492753623188406
N004248,N011184,different,0.4392059553349876,0.1477832512315271
N003020,N003021,same,0.5794979079497908,0.8387096774193549
N000160,N003947,different,0.5527426160337553,0.0
N006712,N008335,different,0.45537757437070936,0.0
N000843,N005365,different,0.4276206322795341,0.0
N011628,N011629,same,0.4083044982698962,0.48760330578512395
N000026,N011332,different,0.6125954198473282,0.006896551724137931
N003058,N009240,different,0.391304347826087,0.0
N000396,N000397,same,0.49707602339181284,0.45794392523364486
N006146,N006401,different,0.3615023474178404,0.0
N007004,N011967,different,0.4357682619647355,0.19387755102040816
N002229,N002230,same,0.4775510204081633,0.4552238805970149
N002088,N011862,different,0.4989733059548255,0.0
N004709,N004711,same,0.9566473988439307,0.9625
N001940,N002621,different,0.3578125,0.0
N004803,N004804,same,0.9294871794871795,0.9154929577464789
N003748,N011207,different,0.2638888888888889,0.0
N001623,N010411,different,0.3163841807909605,0.007633587786259542
N002821,N007053,different,0.5673624288425048,0.011494252873563218
N001977,N006802,different,0.5738317757009346,0.0
N000993,N011320,different,0.5056689342403629,0.0
N008784,N011076,different,0.6323296354992076,0.0
N001137,N005072,different,0.3595706618962433,0.013157894736842105
N007487,N007491,same,0.5968992248062015,0.7872340425531915
N002401,N005487,different,0.4369747899159664,0.0
N001101,N002086,different,0.37631184407796103,0.0
N004655,N010935,different,0.607773851590106,0.0
N004085,N004086,same,0.9571788413098237,0.98
N003125,N003127,same,0.970108695652174,0.6325301204819277
N001101,N001666,different,0.34959349593495936,0.0
N001141,N001142,same,0.33007334963325186,0.18548387096774194
N006480,N008863,different,0.2141280353200883,0.0
N000817,N011666,different,0.5951557093425606,0.0
N000219,N003185,different,0.47401247401247404,0.0
N001988,N006863,different,0.35728952772073924,0.0
N009478,N009479,same,0.7396226415094339,0.8773584905660378
N001784,N005288,different,0.33455882352941174,0.05
N001436,N002155,different,0.28,0.0
N006423,N011777,different,0.47704590818363274,0.0
N006565,N006569,same,0.398422090729783,0.29333333333333333
N003427,N006396,different,0.5452054794520548,0.0
N009745,N009848,different,0.576271186440678,0.0
N002762,N002765,same,0.7146341463414634,0.953125
N000065,N000124,different,0.3583061889250814,0.0
N001140,N008945,different,0.3985714285714286,0.0
N002973,N002974,same,0.7929606625258799,0.5564516129032258
N006774,N006775,same,0.4407894736842105,0.3466666666666667
N011429,N011433,same,0.7105788423153693,0.89
N009822,N009823,same,0.4134831460674157,0.3333333333333333
N009371,N009372,same,0.7281746031746031,0.8833333333333333
N001006,N009138,different,0.5235602094240838,0.0
N000723,N009281,different,0.32558139534883723,0.006711409395973154
N000259,N003124,different,0.5009861932938856,0.0
N002544,N002792,different,0.5858585858585859,0.0
N002931,N008664,different,0.5268817204301075,0.0
N000990,N002132,different,0.5678119349005425,0.011834319526627219
N005946,N007449,different,0.38995568685376664,0.004807692307692308
N004307,N010960,different,0.4675925925925926,0.0
N005835,N008645,different,0.5610278372591007,0.007462686567164179
N001422,N004687,different,0.5674157303370787,0.0
N007233,N007728,different,0.2939189189189189,0.0
N009592,N009782,different,0.5102040816326531,0.01675977653631285
N011533,N011534,same,0.6081632653061224,0.4247787610619469
N005300,N005301,same,0.9602977667493796,0.9230769230769231
N005855,N007938,different,0.4487704918032787,0.005263157894736842
N007921,N007922,same,0.6283783783783784,0.8
N001521,N006976,different,0.5036231884057971,0.0051813471502590676
N000725,N008406,different,0.5769230769230769,0.0
N004174,N006820,different,0.47731755424063116,0.0
N000607,N004665,different,0.4726027397260274,0.005917159763313609
N003228,N006079,different,0.4527027027027027,0.006578947368421052
N010506,N010507,same,0.6199524940617577,0.8428571428571429
N010699,N010700,same,0.6632653061224489,0.42857142857142855
N001185,N004181,different,0.4403846153846154,0.0
N005027,N005028,same,0.9674267100977199,0.9078947368421053
N001758,N009092,different,0.40100250626566414,0.014925373134328358
N002928,N003582,different,0.3110419906687403,0.0
N003050,N008741,different,0.5755693581780539,0.0
N004158,N011487,different,0.41818181818181815,0.0070921985815602835
N000139,N007621,different,0.4114942528735632,0.0
N007036,N007038,same,0.4208955223880597,0.3108108108108108
N002201,N002648,different,0.44234800838574423,0.017142857142857144
N000003,N000843,different,0.5627376425855514,0.0
N007190,N008966,different,0.4651685393258427,0.0
N010033,N010034,same,0.985207100591716,0.9195402298850575
N005989,N005990,same,0.6950207468879668,0.8645833333333334
N002242,N004023,different,0.4272300469483568,0.007518796992481203
N000443,N004578,different,0.26782884310618066,0.0
N005743,N005744,same,0.5346756152125279,0.6213592233009708
N003903,N006662,different,0.3294314381270903,0.0
N011033,N011036,same,0.6930022573363431,0.8375
N006643,N006644,same,0.45610278372591007,0.4566929133858268
N003720,N006775,different,0.5397727272727273,0.0
N003418,N007053,different,0.411864406779661,0.0
N003804,N005139,different,0.3255360623781676,0.05194805194805195
N002540,N007668,different,0.312280701754386,0.0
N008366,N008369,same,0.9532710280373832,0.9512195121951219
N010742,N010743,same,0.5804195804195804,0.41208791208791207
N004746,N004760,different,0.5063520871143375,0.0
N007368,N009303,different,0.5439672801635992,0.007352941176470588
N007396,N007397,same,0.9620253164556962,0.9156626506024096
N001143,N009969,different,0.48295454545454547,0.0
N002468,N002469,same,0.9671717171717171,0.98989898989899
N007220,N011663,different,0.3767123287671233,0.006172839506172839
N005926,N007181,different,0.44541484716157204,0.0
N003437,N005168,different,0.24918032786885247,0.0
N000355,N000372,different,0.38388625592417064,0.0
N010682,N010683,same,0.9660194174757282,0.9371428571428572
N004567,N008956,different,0.4989106753812636,0.0
N008093,N008094,same,0.49872122762148335,0.5647058823529412
N004447,N004449,same,0.4584717607973422,0.35
N001475,N004007,different,0.3904899135446686,0.014423076923076924
N001138,N009030,different,0.32246998284734135,0.0
N004140,N010723,different,0.5533807829181495,0.006097560975609756
N007477,N007828,different,0.5736434108527132,0.0070921985815602835
N008284,N009896,different,0.4249471458773784,0.0
N006759,N008551,different,0.34049079754601225,0.0
N004856,N010634,different,0.5223048327137546,0.01092896174863388
N003022,N010880,different,0.3339920948616601,0.0
N001271,N001372,different,0.4116279069767442,0.007042253521126761
N002952,N006725,different,0.4939759036144578,0.022598870056497175
N009630,N010560,different,0.5036101083032491,0.0
N002342,N008733,different,0.28095238095238095,0.0
N002631,N007528,different,0.3409090909090909,0.0
N002957,N003701,different,0.36432637571157495,0.0
N011515,N011516,same,0.6072289156626506,0.5643564356435643
N004013,N005436,different,0.31862745098039214,0.0
N010144,N010145,same,0.9798657718120806,0.9166666666666666
N004509,N004511,same,0.7539370078740157,0.6166666666666667
N003868,N011674,different,0.45707656612529,0.0
N008357,N009838,different,0.4282560706401766,0.0
N005241,N005242,same,0.9354838709677419,0.9193548387096774
N008230,N009234,different,0.2836065573770492,0.0
N000666,N000923,different,0.33868092691622104,0.0
N003267,N005780,different,0.43283582089552236,0.0
N001044,N001720,different,0.34651898734177217,0.0
N011522,N011523,same,0.7085308056872038,0.8372093023255814
N009330,N010526,different,0.48577680525164113,0.0
N003319,N008808,different,0.5575221238938053,0.06
N006178,N006182,same,0.5191011235955056,0.5641025641025641
N002814,N005953,different,0.39473684210526316,0.0
N007615,N007616,same,0.7578947368421053,0.8918918918918919
N007876,N007877,same,0.5612648221343873,0.7105263157894737
N004729,N004730,same,0.6576819407008087,0.7083333333333334
N005862,N006116,different,0.6490630323679727,0.022099447513812154
N000562,N005787,different,0.3233082706766917,0.0
N007575,N009140,different,0.27387387387387385,0.0
N011000,N011001,same,0.4139433551198257,0.35294117647058826
N006167,N009175,different,0.4343220338983051,0.0
N004662,N009916,different,0.3672014260249554,0.009708737864077669
N010431,N010432,same,0.9382352941176471,0.9666666666666667
N001509,N001510,same,0.7088353413654619,0.9019607843137255
N000737,N002287,different,0.45052631578947366,0.0
N001764,N001765,same,0.6795180722891566,0.8181818181818182
N004877,N006275,different,0.5214007782101168,0.0
N002351,N006165,different,0.47023809523809523,0.006993006993006993
N009140,N009547,different,0.5933098591549296,0.0
N007104,N007105,same,0.9855072463768116,0.8870967741935484
N000463,N000465,same,0.7633744855967078,0.85
N001124,N011201,different,0.41875,0.013071895424836602
N004151,N010614,different,0.6321353065539113,0.1656441717791411
N003957,N007645,different,0.4543610547667343,0.0
N003941,N009735,different,0.3541341653666147,0.0
N000647,N008088,different,0.2864963503649635,0.0
N002017,N005475,different,0.6084745762711864,0.0
N000323,N006510,different,0.4830097087378641,0.0
N008539,N008542,same,0.5170068027210885,0.4649122807017544
N002578,N006004,different,0.5944333996023857,0.0
N001918,N002086,different,0.40368271954674223,0.0
N002507,N002508,same,0.9600997506234414,0.9519230769230769
N001934,N011090,different,0.5138121546961326,0.0
N004269,N011588,different,0.5,0.0
N005629,N006728,different,0.3784977908689249,0.0
N008009,N008010,same,0.4968421052631579,0.4263565891472868
N009840,N009841,same,0.5054054054054054,0.5735294117647058
